Reference,Value,Footprint,Qty,ordered QTY,Price(LE),shop,link,,,,,
"C1,C7","10uF, 25V",Capacitor_SMD:C_0805_2012Metric,2,10,12.5,makers,https://makerselectronics.com/product/multilayer-ceramic-capacitors-mlcc-smd-smt-10uf-%c2%b110-25v-0805/,,,,,
"C3,C6","0.1uF, 10V",Capacitor_SMD:C_0603_1608Metric,2,10,5,makers,https://makerselectronics.com/product/multilayer-ceramic-smd-capacitor-mlcc-smd-smt-100nf-%c2%b110-50v-x7r-0603/,,,,,
D5,Blue LED,LED_SMD:LED_0603_1608Metric,1,10,4,makers,https://makerselectronics.com/product/smd-led-0603/?srsltid=AfmBOorYjfgpYXuaPCjOsgniHguapARLiV4EjBLcVDZNF8KNPmgZIGWx,,,,,
"D6,D7,D8",LED_BGKR,LED_THT:LED_D5.0mm-4_RGB,3,3,7.5,makers,https://makerselectronics.com/product/rgb-diffused-led-common-cathode-5mm/,,,,,
D9,Red Power LED,LED_SMD:LED_0603_1608Metric,1,10,4,makers,https://makerselectronics.com/product/smd-led-0603/?srsltid=AfmBOorYjfgpYXuaPCjOsgniHguapARLiV4EjBLcVDZNF8KNPmgZIGWx,,,,,
D11,LED_BGAR,LED_THT:LED_D5.0mm-4_RGB,1,1,2.5,makers,https://makerselectronics.com/product/rgb-diffused-led-common-anode-5mm/?srsltid=AfmBOopPHzUOYTseM6c-FPhrNNL9U_a-mGXrCxR_IuwSm87aQcmXMAWf,,,,,
J1,USB_B,Connector_USB:USB_B_OST_USB-B1HSxx_Horizontal,1,1,4,makers,https://makerselectronics.com/product/usb-connector-on-pcb-b-type-female/?srsltid=AfmBOor0KxhBgwTNPC40mW2aFZHyVsxA8Kw2CJfDPEyBWQGF0YMEHq_R,,,,,
"Q1,Q2",S8050,Package_TO_SOT_SMD:SOT-23,2,10,10,makers,https://makerselectronics.com/product/smd-transistor-s8050-j3y-25v-300mw-20050ma1v-500ma-npn-sot-23/?srsltid=AfmBOoowGzpRnTb9g2jKFucQt1WvQI71SnWNlpgcVtY8eFBUwi1D0b4t,,,,,
"Q3,Q4,Q5",BSS138,Package_TO_SOT_SMD:SOT-23,3,3,4.5,makers,https://makerselectronics.com/product/smd-mosfet-transistor-bss138-j1-50v-220ma-3-5%CF%8910v220ma-360mw-n-channel-sot-23/?srsltid=AfmBOorKPkIxsAwv-3Onwyym6kfiJ7AE8Pv9g0Pld8GAUTAgILHxbmr_,,,,,
R1,2.2k Ohm,Resistor_SMD:R_0805_2012Metric,1,10,1.5,makers,https://makerselectronics.com/product/chip-resistor-smd-2-2k%cf%89-%c2%b15-0-125w-%c2%b1100ppm-c-0805/,,,,,
"R2,R3,R16,R17,R18",10k Ohm,Resistor_SMD:R_0805_2012Metric,5,10,4,makers,https://makerselectronics.com/product/chip-resistor-smd-10k%cf%89-%c2%b11-0-125w-%c2%b1100ppm-%e2%84%83-0805/,,,,,
R4,1k Ohm,Resistor_SMD:R_0603_1608Metric,1,10,1.5,makers,https://makerselectronics.com/product/chip-resistor-smd-1k%cf%89-%c2%b15-0-125w-%c2%b1100ppm-%e2%84%83-0603/,,,,,
"R5,R6",10 Ohm,Resistor_SMD:R_1206_3216Metric,2,10,2,makers,https://makerselectronics.com/product/chip-resistor-smd-10%cf%89-%c2%b15-250mw-1206/,,,,,
"R11,R12",130 Ohm,Resistor_SMD:R_0805_2012Metric,2,10,2,makers,https://makerselectronics.com/product/chip-resistor-smd-130%cf%89-%c2%b11-0-125w-0805/,,,,,
U2,CH340C,CH340C:CH340C,1,1,35,makers,https://makerselectronics.com/product/ch340c-smd-ic-transceiver-usb-2-0-2mbps-sop-16/,,,,,
U3,AMS1117-3.3,Package_TO_SOT_SMD:SOT-223-3_TabPin2,1,1,3,makers,https://makerselectronics.com/product/ams1117-3-3v-smd-fixed-12v-3-3v-800ma-sot-223-dropout-regulators/?srsltid=AfmBOoqNF4MQc6D8e60yfeiZGEMG7Igl19cgg_Qt-N1AuS9NyKyJOlvN,,,,,
,,,,,,,,,,,,
,,,total,110,103,,,,,,,
,,,,,,,,,,,,
C11,"22uF, 6.3v+, tantlum",Capacitor_SMD:C_1206_3216Metric,1,1,3.42,uge-one,https://uge-one.com/product/1206-solid-tantalum-smd-chip-capacitors-22uf-10v-type-a-3216/?srsltid=AfmBOopTQ543hj2REw3LW1Aad3g4Vye15Z8vCZf5dY69xXFxijASt_x6,,,,,
D1,1N5819,Diode_SMD:D_SMA_Handsoldering,1,1,2.28,uge-one,https://uge-one.com/product/smd-schottky-diode-1n5819-ss14-1a-40v-sma-package/?srsltid=AfmBOoobyLx-grvoJg4kouztu5cDG9N73xsH2nQuYPVXAjH2A2EG-kN3,,,,,
"D2,D3,D4",SD05_SOD323,Diode_SMD:D_SOD-323,3,3,30.78,uge-one,https://uge-one.com/product/smd-tvs-esd-protection-diode-bidirectional-5v-sod323-0805-package/,,,,,
"J2,J3",Conn_01x16_Pin,Connector_PinHeader_2.54mm:PinHeader_1x16_P2.54mm_Vertical,2,2,11.4,uge-one,https://uge-one.com/product/pin-header-female-1x16-straight-connector-2-54mm-pitch-blue/?srsltid=AfmBOoow7MnGPupESH2Bn80hXHz93AXS_C1RnlKSbnqCmVDw4ILT8D4U,,,,,
"R7,R8,R9,R10,R13,R14,R15",220 Ohm,Resistor_SMD:R_0603_1608Metric,7,7,1.995,uge-one,https://uge-one.com/product/smd-chip-resistor-size-0603-220r-220-ohm/?srsltid=AfmBOoomwG_Geoc_FRjnR47Tr9Sv5QvKfEbhZOUQ078dQ9qG_okaj9jM,,,,,
"SW1,SW2",SW_Push,TS-1088-AR02016:SW_TS-1088-AR02016,2,2,3.42,uge-one,https://uge-one.com/product/smd-micro-switch-white-tact-s-3-6-5-2-pin/,,,,,
U1,ESP32-WROOM-32,RF_Module:ESP32-WROOM-32,1,1,290,uge-one,https://uge-one.com/product/espressif-esp32-wroom-32-dual-core-wi-fi-bluetooth-iot-module/,,,,,
,,,,,,,,,,,,
,,,total,17,343.295,,,,,,,
,,,,,,,,,,,,
,,,,,,,,Total Components Price,408.195,,Date,21/10/2025
,,,,,,,,,,,,
,,,,,,,,,,,,
,total spent with delivery,163+429 = 592,,,,,,,,,,
